{"cameraMode":{"drawMode":0,"name":"Shaded","section":"Shading Mode"},"sceneLighting":false,"audioPlay":false,"sceneViewState":{"m_AlwaysRefresh":false,"showFog":true,"showSkybox":false,"showFlares":true,"showImageEffects":true,"showParticleSystems":true,"showVisualEffectGraphs":true,"m_FxEnabled":true},"in2DMode":false,"pivot":{"x":-0.8012585639953613,"y":-0.0499880313873291,"z":-0.09054064750671387},"rotation":{"x":0.03516605123877525,"y":0.9054047465324402,"z":-0.0765155702829361,"w":0.41611534357070925},"size":92.78762817382813,"orthographic":false}