{"cameraMode":{"drawMode":0,"name":"Shaded","section":"Shading Mode"},"sceneLighting":false,"audioPlay":false,"sceneViewState":{"m_AlwaysRefresh":false,"showFog":true,"showSkybox":false,"showFlares":true,"showImageEffects":true,"showParticleSystems":true,"showVisualEffectGraphs":true,"m_FxEnabled":true},"in2DMode":false,"pivot":{"x":0.44125616550445559,"y":0.07027438282966614,"z":-0.05433712899684906},"rotation":{"x":-0.11444441974163056,"y":0.7028645873069763,"z":-0.11617690324783325,"w":-0.6923798322677612},"size":0.29354414343833926,"orthographic":false}