{"cameraMode":{"drawMode":0,"name":"Shaded","section":"Shading Mode"},"sceneLighting":false,"audioPlay":false,"sceneViewState":{"m_AlwaysRefresh":false,"showFog":true,"showSkybox":false,"showFlares":true,"showImageEffects":true,"showParticleSystems":true,"showVisualEffectGraphs":true,"m_FxEnabled":true},"in2DMode":false,"pivot":{"x":-0.1474897861480713,"y":4.971408843994141,"z":0.3447761535644531},"rotation":{"x":0.16064485907554627,"y":-0.5115256905555725,"z":0.09800856560468674,"w":0.8384142518043518},"size":0.6689655780792236,"orthographic":false}