{"cameraMode":{"drawMode":0,"name":"Shaded","section":"Shading Mode"},"sceneLighting":true,"audioPlay":false,"sceneViewState":{"m_AlwaysRefresh":false,"showFog":true,"showSkybox":true,"showFlares":true,"showImageEffects":true,"showParticleSystems":true,"showVisualEffectGraphs":true,"m_FxEnabled":true},"in2DMode":false,"pivot":{"x":539.6175537109375,"y":960.7521362304688,"z":-2.3425121307373049},"rotation":{"x":-0.009903737343847752,"y":0.9056134819984436,"z":-0.4234692454338074,"w":-0.021185996010899545},"size":2.850409507751465,"orthographic":false}