{"cameraMode":{"drawMode":0,"name":"Shaded","section":"Shading Mode"},"sceneLighting":false,"audioPlay":false,"sceneViewState":{"m_AlwaysRefresh":false,"showFog":true,"showSkybox":false,"showFlares":true,"showImageEffects":true,"showParticleSystems":true,"showVisualEffectGraphs":true,"m_FxEnabled":true},"in2DMode":false,"pivot":{"x":0.4581662714481354,"y":-0.5728985071182251,"z":-1.1072505712509156},"rotation":{"x":-0.12956300377845765,"y":0.8653600215911865,"z":-0.38894006609916689,"w":-0.28828713297843935},"size":1.7148818969726563,"orthographic":false}