{"cameraMode":{"drawMode":0,"name":"Shaded","section":"Shading Mode"},"sceneLighting":false,"audioPlay":false,"sceneViewState":{"m_AlwaysRefresh":false,"showFog":true,"showSkybox":false,"showFlares":true,"showImageEffects":true,"showParticleSystems":true,"showVisualEffectGraphs":true,"m_FxEnabled":true},"in2DMode":false,"pivot":{"x":2.4714431762695314,"y":-0.07829731702804566,"z":-2.226196050643921},"rotation":{"x":-0.009903737343847752,"y":0.9056134819984436,"z":-0.4234692454338074,"w":-0.021185996010899545},"size":3.4418773651123049,"orthographic":false}