{"cameraMode":{"drawMode":0,"name":"Shaded","section":"Shading Mode"},"sceneLighting":true,"audioPlay":false,"sceneViewState":{"m_AlwaysRefresh":false,"showFog":true,"showSkybox":true,"showFlares":true,"showImageEffects":true,"showParticleSystems":true,"showVisualEffectGraphs":true,"m_FxEnabled":true},"in2DMode":false,"pivot":{"x":539.98876953125,"y":960.026611328125,"z":0.004482407122850418},"rotation":{"x":-0.009903737343847752,"y":0.9056134819984436,"z":-0.4234692454338074,"w":-0.021185996010899545},"size":0.2007998526096344,"orthographic":false}