{"cameraMode":{"drawMode":0,"name":"Shaded","section":"Shading Mode"},"sceneLighting":false,"audioPlay":false,"sceneViewState":{"m_AlwaysRefresh":false,"showFog":true,"showSkybox":false,"showFlares":true,"showImageEffects":true,"showParticleSystems":true,"showVisualEffectGraphs":true,"m_FxEnabled":true},"in2DMode":false,"pivot":{"x":-17.857227325439454,"y":-63.88344955444336,"z":-48.00221252441406},"rotation":{"x":0.10658643394708634,"y":0.019382981583476068,"z":-0.0020781690254807474,"w":0.9941127300262451},"size":333.79425048828127,"orthographic":false}